{"result": [{"distance1": 48.00069444444431, "distance2": 45.57850000000017}]}