{"result": [{"distance1": 73.11068627450979, "distance2": 196.3901960