{"result": [{"distance1": 102.56177777777776, "distance2": 181.84807407407408, "angle": NaN}]}